https://atlas.mitre.org/techniques/AML.T0000.000/,5e0b599de8323ae0c721262276e7d1c52fefb93133746227115a9951d1c99612,5e0b599de8323ae0c721262276e7d1c52fefb93133746227115a9951d1c99612.md
https://atlas.mitre.org/techniques/AML.T0000.001/,17c3b88a02285d90f6d1df174d33a5d5b1dc986a8e26e67baedd10aa02c62417,17c3b88a02285d90f6d1df174d33a5d5b1dc986a8e26e67baedd10aa02c62417.md
https://atlas.mitre.org/techniques/AML.T0000.002/,bedf468ddae031653c947902cbf720ab66d4c1b210d97180774524946cfb159e,bedf468ddae031653c947902cbf720ab66d4c1b210d97180774524946cfb159e.md
https://atlas.mitre.org/techniques/AML.T0000/,29b9e2738bb8cf4deeb3be5e7c758dc40681fdb6ff09e4f5c341d9567185446a,29b9e2738bb8cf4deeb3be5e7c758dc40681fdb6ff09e4f5c341d9567185446a.md
https://atlas.mitre.org/techniques/AML.T0001/,a3c56d1b249ce0089a3ee323a5cfa276882c175221354d58fd698368d6752b9d,a3c56d1b249ce0089a3ee323a5cfa276882c175221354d58fd698368d6752b9d.md
https://atlas.mitre.org/techniques/AML.T0002.000/,365145b7dc67ea17f724c58ca08c58b0093fd483f631b999ab65cc2c30828f3c,365145b7dc67ea17f724c58ca08c58b0093fd483f631b999ab65cc2c30828f3c.md
https://atlas.mitre.org/techniques/AML.T0002.001/,82ed3cc71eced596599e5cbb2c2be8dbcaa82bf2b53d4b83ebdb4be039d76b27,82ed3cc71eced596599e5cbb2c2be8dbcaa82bf2b53d4b83ebdb4be039d76b27.md
https://atlas.mitre.org/techniques/AML.T0002/,3f337174d64b3c3dda6aa746e2970aef3ace5cd2e9ff3aca596cafa25f401839,3f337174d64b3c3dda6aa746e2970aef3ace5cd2e9ff3aca596cafa25f401839.md
https://atlas.mitre.org/techniques/AML.T0003/,6b172d51386a4f5f146f3c647d45fd86c8e9eb56ea51fa7c8a7fe75ea75aa063,6b172d51386a4f5f146f3c647d45fd86c8e9eb56ea51fa7c8a7fe75ea75aa063.md
https://atlas.mitre.org/techniques/AML.T0004/,811e09c9e365f128f5e452f51fe31f69c738c9d4094b9c7ef4fa142c31e6cc5b,811e09c9e365f128f5e452f51fe31f69c738c9d4094b9c7ef4fa142c31e6cc5b.md
https://atlas.mitre.org/techniques/AML.T0005.000/,c5515851f589cd5cbc7d734637df33f6edb4288eb4056f7155663befa7b71d40,c5515851f589cd5cbc7d734637df33f6edb4288eb4056f7155663befa7b71d40.md
https://atlas.mitre.org/techniques/AML.T0005.001/,8564f660cf78a9008ac1fc7235c70d7c3e474cfdb49a25a7f35308b863b3e428,8564f660cf78a9008ac1fc7235c70d7c3e474cfdb49a25a7f35308b863b3e428.md
https://atlas.mitre.org/techniques/AML.T0005.002/,83138f30b2297ab5462404211f0b15174ebdc899855ea7ba53184c256a8ddaef,83138f30b2297ab5462404211f0b15174ebdc899855ea7ba53184c256a8ddaef.md
https://atlas.mitre.org/techniques/AML.T0005/,06c7ac582fbb8536a3e490a4b2aa0fa96d838d5ba44dcf4673564bb53df6145b,06c7ac582fbb8536a3e490a4b2aa0fa96d838d5ba44dcf4673564bb53df6145b.md
https://atlas.mitre.org/techniques/AML.T0006/,6e210853be40ca80182b187b2b56de280c324930d3b9a665acf8b46d54065c65,6e210853be40ca80182b187b2b56de280c324930d3b9a665acf8b46d54065c65.md
https://atlas.mitre.org/techniques/AML.T0007/,6c03dd522e9ec9e77b4e7cab866207672477309d31bff769970151e2da8bb222,6c03dd522e9ec9e77b4e7cab866207672477309d31bff769970151e2da8bb222.md
https://atlas.mitre.org/techniques/AML.T0008.000/,89ad5cb62cbd3ea3468d2b61a72458dfb4d104f45ba719bfdb73a9803c8699c6,89ad5cb62cbd3ea3468d2b61a72458dfb4d104f45ba719bfdb73a9803c8699c6.md
https://atlas.mitre.org/techniques/AML.T0008.001/,42891f06bf9ab7dc13cf82cc1095d02c1c07e762706cea38b57b62182aebcc6e,42891f06bf9ab7dc13cf82cc1095d02c1c07e762706cea38b57b62182aebcc6e.md
https://atlas.mitre.org/techniques/AML.T0008/,0b2a9f10bd6b8276d6b599a0875e3d2d16667aea3754ff0cf5ccb5a2546370b5,0b2a9f10bd6b8276d6b599a0875e3d2d16667aea3754ff0cf5ccb5a2546370b5.md
https://atlas.mitre.org/techniques/AML.T0010.000/,f91e2a738101d275baddcbd0d76326e1df588a17e33f7a1d51d5e35c2704ca2d,f91e2a738101d275baddcbd0d76326e1df588a17e33f7a1d51d5e35c2704ca2d.md
https://atlas.mitre.org/techniques/AML.T0010.001/,2fd5fac141db978250fab42058dad0d580c88df59838cc99161187057056b1dc,2fd5fac141db978250fab42058dad0d580c88df59838cc99161187057056b1dc.md
https://atlas.mitre.org/techniques/AML.T0010.002/,c6f4c4b42522b703d25cb89efbd94a29aedeafa534f74583025159349a8ae944,c6f4c4b42522b703d25cb89efbd94a29aedeafa534f74583025159349a8ae944.md
https://atlas.mitre.org/techniques/AML.T0010.003/,9c7cc7d13d7e593ef61d2d3b551edbe7c8d316452c4bbb9ec9339eb75183e65e,9c7cc7d13d7e593ef61d2d3b551edbe7c8d316452c4bbb9ec9339eb75183e65e.md
https://atlas.mitre.org/techniques/AML.T0010/,845315ed63a3a338c733a3ce64fde1db092ef0e18f194ae167a95bb268b3eff9,845315ed63a3a338c733a3ce64fde1db092ef0e18f194ae167a95bb268b3eff9.md
https://atlas.mitre.org/techniques/AML.T0011.000/,6fac4111b34056355bc608a2e472d665624aabf8108ab6e027b182d1b782063d,6fac4111b34056355bc608a2e472d665624aabf8108ab6e027b182d1b782063d.md
https://atlas.mitre.org/techniques/AML.T0011/,faadf97d4dccd9fb854bf79ce66a1138d00aae044df19e6bed5e5e41d8d1a504,faadf97d4dccd9fb854bf79ce66a1138d00aae044df19e6bed5e5e41d8d1a504.md
https://atlas.mitre.org/techniques/AML.T0012/,b13607e5a5b06465441442351eb90818d69f6947cd7d70495989b1c58d0d50c1,b13607e5a5b06465441442351eb90818d69f6947cd7d70495989b1c58d0d50c1.md
https://atlas.mitre.org/techniques/AML.T0013/,30d0850f8516e5db3ee0cdbc12650c52dd799e38767e0b68dd0c8c276a3d928c,30d0850f8516e5db3ee0cdbc12650c52dd799e38767e0b68dd0c8c276a3d928c.md
https://atlas.mitre.org/techniques/AML.T0014/,5fc122057c470b45098e57c1700777295f06ecdf2edd60d7c93ad25afa2cceef,5fc122057c470b45098e57c1700777295f06ecdf2edd60d7c93ad25afa2cceef.md
https://atlas.mitre.org/techniques/AML.T0015/,d2a37222ba695971d4dbffcdbf901c34094e8602906406b43773603d3fb221bf,d2a37222ba695971d4dbffcdbf901c34094e8602906406b43773603d3fb221bf.md
https://atlas.mitre.org/techniques/AML.T0016.000/,2f9c4863426e3cc84d2c5c6fa01960d06e5020bcf2126c9553979723d2c0a476,2f9c4863426e3cc84d2c5c6fa01960d06e5020bcf2126c9553979723d2c0a476.md
https://atlas.mitre.org/techniques/AML.T0016.001/,1ae90ee5ed67f6337305077b876843045b01ecb00eddaf5da4af3db85c3ee7ed,1ae90ee5ed67f6337305077b876843045b01ecb00eddaf5da4af3db85c3ee7ed.md
https://atlas.mitre.org/techniques/AML.T0016/,a759e8fabd07695aafaacec9bb73480a7be0158237e7d3b84e9ae402078673e2,a759e8fabd07695aafaacec9bb73480a7be0158237e7d3b84e9ae402078673e2.md
https://atlas.mitre.org/techniques/AML.T0017.000/,1ade3931fd18026b05a6c18728f78a830f1b2af35808cbdd237f10494da0e09e,1ade3931fd18026b05a6c18728f78a830f1b2af35808cbdd237f10494da0e09e.md
https://atlas.mitre.org/techniques/AML.T0017/,49b51306d03d8e7eb5630f4dd3a5257b1336cbf2ca2194077952472aef0edc7c,49b51306d03d8e7eb5630f4dd3a5257b1336cbf2ca2194077952472aef0edc7c.md
https://atlas.mitre.org/techniques/AML.T0018.000/,b72fdc1afec2c9db0fa5e54376941220f9d6e83f2371a65aed5b8044f942a8bf,b72fdc1afec2c9db0fa5e54376941220f9d6e83f2371a65aed5b8044f942a8bf.md
https://atlas.mitre.org/techniques/AML.T0018.001/,885c128af1d10bfbb26e3e8346102ace72754eab2c748c121dc372286a65c872,885c128af1d10bfbb26e3e8346102ace72754eab2c748c121dc372286a65c872.md
https://atlas.mitre.org/techniques/AML.T0018/,db590c64b037c0a3327f85eb1f2f5b210dca32b2fc530be98a542247ce6118df,db590c64b037c0a3327f85eb1f2f5b210dca32b2fc530be98a542247ce6118df.md
https://atlas.mitre.org/techniques/AML.T0019/,1b3c165d5d817586809992832e3d25ee06e7085c5936bdfa95edbf5a901d1afa,1b3c165d5d817586809992832e3d25ee06e7085c5936bdfa95edbf5a901d1afa.md
https://atlas.mitre.org/techniques/AML.T0020/,62c79b76fe709ecd475c1af67805dc593094d6dc471a30318138fc9dcf601e1f,62c79b76fe709ecd475c1af67805dc593094d6dc471a30318138fc9dcf601e1f.md
https://atlas.mitre.org/techniques/AML.T0021/,bb544a097dacf0d55640a2c4dac22b2f457b71a76dc37d8af8a378977e30f01d,bb544a097dacf0d55640a2c4dac22b2f457b71a76dc37d8af8a378977e30f01d.md
https://atlas.mitre.org/techniques/AML.T0024.000/,de1679c93db6248efd48a6c420e1f2b715d14bbf14192d372cafc0999b6b52dc,de1679c93db6248efd48a6c420e1f2b715d14bbf14192d372cafc0999b6b52dc.md
https://atlas.mitre.org/techniques/AML.T0024.001/,d283b91f509c6a06d1bb1b851c82b3220566c3d98f7adae9d0defe46f86d72f9,d283b91f509c6a06d1bb1b851c82b3220566c3d98f7adae9d0defe46f86d72f9.md
https://atlas.mitre.org/techniques/AML.T0024.002/,29416bc0839ee50c43408e3a48a02171586cc2dadbc88798410e3fa20fa2d25d,29416bc0839ee50c43408e3a48a02171586cc2dadbc88798410e3fa20fa2d25d.md
https://atlas.mitre.org/techniques/AML.T0024/,aebb5d1b03e08407d0a365b76d60c9ad07b5adf88cba2c7622a2f732cfc9b96f,aebb5d1b03e08407d0a365b76d60c9ad07b5adf88cba2c7622a2f732cfc9b96f.md
https://atlas.mitre.org/techniques/AML.T0025/,6ad676db79c7bcdd350f620b2a3d1f660ab5684173b6a208c99e41375becd58b,6ad676db79c7bcdd350f620b2a3d1f660ab5684173b6a208c99e41375becd58b.md
https://atlas.mitre.org/techniques/AML.T0029/,c1b9ffdc70d6f2aaf940d59337719fe3c9c86130157429b397bd520690e7eee6,c1b9ffdc70d6f2aaf940d59337719fe3c9c86130157429b397bd520690e7eee6.md
https://atlas.mitre.org/techniques/AML.T0031/,6037eabc84ab830e0ee00113fcd085c4ee6df205bd0d837be2f8cb14a5d0814e,6037eabc84ab830e0ee00113fcd085c4ee6df205bd0d837be2f8cb14a5d0814e.md
https://atlas.mitre.org/techniques/AML.T0034/,a3549f29ba00019772fd12e9b0f9fbff86f1f7c8cacb430634061b67cf646854,a3549f29ba00019772fd12e9b0f9fbff86f1f7c8cacb430634061b67cf646854.md
https://atlas.mitre.org/techniques/AML.T0035/,54a82ab61c24666df20ca6b79694bb067b3ab95cbf287ffbbc7d78c6e8357fdf,54a82ab61c24666df20ca6b79694bb067b3ab95cbf287ffbbc7d78c6e8357fdf.md
https://atlas.mitre.org/techniques/AML.T0036/,db4e52a695453fb41baa85e3265f71c7a4594600d07d51e59de1bd54c1ad639f,db4e52a695453fb41baa85e3265f71c7a4594600d07d51e59de1bd54c1ad639f.md
https://atlas.mitre.org/techniques/AML.T0037/,54e195d93eb616047c07a19e490b8d0373bd459c01934aa080f1cf732b6942ec,54e195d93eb616047c07a19e490b8d0373bd459c01934aa080f1cf732b6942ec.md
https://atlas.mitre.org/techniques/AML.T0040/,41b199cbce3a55bd300997c59ecb969b80b3e0a7a4fcfa29cccdf73d5f39eb4d,41b199cbce3a55bd300997c59ecb969b80b3e0a7a4fcfa29cccdf73d5f39eb4d.md
https://atlas.mitre.org/techniques/AML.T0041/,0ea37eb60d59a1dee493c3be14fb59c66bff5c62ea835007564998735bb01c9d,0ea37eb60d59a1dee493c3be14fb59c66bff5c62ea835007564998735bb01c9d.md
https://atlas.mitre.org/techniques/AML.T0042/,9f93df6382ff48fc500497d5ea4228b57281afb0fcd3f9fbe747b0047ae8f494,9f93df6382ff48fc500497d5ea4228b57281afb0fcd3f9fbe747b0047ae8f494.md
https://atlas.mitre.org/techniques/AML.T0043.000/,97dc53a7660b5a4cc734b1977c2df21e5dde58956c002fdbf3a3f61a35a8fbe0,97dc53a7660b5a4cc734b1977c2df21e5dde58956c002fdbf3a3f61a35a8fbe0.md
https://atlas.mitre.org/techniques/AML.T0043.001/,217f9c13a65c9c5041fedf221d96e94620226b3e50d8759ced23c21069b3ac7d,217f9c13a65c9c5041fedf221d96e94620226b3e50d8759ced23c21069b3ac7d.md
https://atlas.mitre.org/techniques/AML.T0043.002/,24f9e3bff1fcd7c6bc75a42fd9f3024a0d0dfa3f8162998cc60fdb36d8474547,24f9e3bff1fcd7c6bc75a42fd9f3024a0d0dfa3f8162998cc60fdb36d8474547.md
https://atlas.mitre.org/techniques/AML.T0043.003/,a92625af6e19bd895360ce7817de2988384daef4447b200282b19030081c678a,a92625af6e19bd895360ce7817de2988384daef4447b200282b19030081c678a.md
https://atlas.mitre.org/techniques/AML.T0043.004/,9b1abc275c17131c037f0410011cc677d53a5ba59572a16f5d402010bd7b8689,9b1abc275c17131c037f0410011cc677d53a5ba59572a16f5d402010bd7b8689.md
https://atlas.mitre.org/techniques/AML.T0043/,8175c0ca23de652b318fc00cb2ebe24db925693ab177b5b5f8c8fe5168628f19,8175c0ca23de652b318fc00cb2ebe24db925693ab177b5b5f8c8fe5168628f19.md
https://atlas.mitre.org/techniques/AML.T0044/,4e2739375a853f626528bd7c324a530dbf6a3378a16e166115ac45077aff2677,4e2739375a853f626528bd7c324a530dbf6a3378a16e166115ac45077aff2677.md
https://atlas.mitre.org/techniques/AML.T0046/,f59a0e367d624064d14d549d64d7a4af9d31e6c123880cc9908a143725c0e60f,f59a0e367d624064d14d549d64d7a4af9d31e6c123880cc9908a143725c0e60f.md
https://atlas.mitre.org/techniques/AML.T0047/,fa731f684cfd71aa7f3f8b6e93e522bc0c223958106fb9943c305829e0935b2b,fa731f684cfd71aa7f3f8b6e93e522bc0c223958106fb9943c305829e0935b2b.md
https://atlas.mitre.org/techniques/AML.T0048.000/,aa810b739a1d19fbc0d83b30239a7232357c21da245ee05300de6c584e03b2cc,aa810b739a1d19fbc0d83b30239a7232357c21da245ee05300de6c584e03b2cc.md
https://atlas.mitre.org/techniques/AML.T0048.001/,9908bfc3f03155d80c0d8a7d083f4684c21f5054dee40f1c14e861b8c4598471,9908bfc3f03155d80c0d8a7d083f4684c21f5054dee40f1c14e861b8c4598471.md
https://atlas.mitre.org/techniques/AML.T0048.002/,91be049e8d1268adc4b5fbcbb66b67c2c72673850083fc23b2e1a577065fea25,91be049e8d1268adc4b5fbcbb66b67c2c72673850083fc23b2e1a577065fea25.md
https://atlas.mitre.org/techniques/AML.T0048.003/,7cc76480fc80ea9c9f863870ae4b6e75bf210e38d569e8f331de1223a0394bde,7cc76480fc80ea9c9f863870ae4b6e75bf210e38d569e8f331de1223a0394bde.md
https://atlas.mitre.org/techniques/AML.T0048.004/,a8ed93d17720905980b16463ce3512f31b35592ee71c0676fff120e064d86dd0,a8ed93d17720905980b16463ce3512f31b35592ee71c0676fff120e064d86dd0.md
https://atlas.mitre.org/techniques/AML.T0048/,957b01835856773ec647ef6494cf45d3f512b2e795040edbf7672302dc1532a1,957b01835856773ec647ef6494cf45d3f512b2e795040edbf7672302dc1532a1.md
https://atlas.mitre.org/techniques/AML.T0049/,28ea1b984a00b26c283c91e5f323167af92e564f442ce2f73ceadb387126eea7,28ea1b984a00b26c283c91e5f323167af92e564f442ce2f73ceadb387126eea7.md
https://atlas.mitre.org/techniques/AML.T0050/,8f5675560193af5f05b6062e0195d06c53eb121ce1bc5f64ffd3f805f65e7a5a,8f5675560193af5f05b6062e0195d06c53eb121ce1bc5f64ffd3f805f65e7a5a.md
https://atlas.mitre.org/techniques/AML.T0051.000/,33d4ed0e04293d010b29a575b6540643798b9a7e077a2876ea3d6f69d701f041,33d4ed0e04293d010b29a575b6540643798b9a7e077a2876ea3d6f69d701f041.md
https://atlas.mitre.org/techniques/AML.T0051.001/,3a3de89011d0dc4ebfe6a746915f844934c0787c907a7c93e6b6c3697e9264ca,3a3de89011d0dc4ebfe6a746915f844934c0787c907a7c93e6b6c3697e9264ca.md
https://atlas.mitre.org/techniques/AML.T0051/,07aefae9ce15b0d5895be7a91037a857a7e3662d25fbc00d56d8c445c3af21c2,07aefae9ce15b0d5895be7a91037a857a7e3662d25fbc00d56d8c445c3af21c2.md
https://atlas.mitre.org/techniques/AML.T0052.000/,2a1840b12af606baf37098c67126b12355774bb79785991bb0f14d9c70eefa67,2a1840b12af606baf37098c67126b12355774bb79785991bb0f14d9c70eefa67.md
https://atlas.mitre.org/techniques/AML.T0052/,b739c46448576dda13bd8b74227157e1f5fce608fb11c83f65e1327a11409167,b739c46448576dda13bd8b74227157e1f5fce608fb11c83f65e1327a11409167.md
https://atlas.mitre.org/techniques/AML.T0053/,aac719588b5d98117eb7c067ff3e8ac189f78dffa5f7b08f92dfef40cd24c983,aac719588b5d98117eb7c067ff3e8ac189f78dffa5f7b08f92dfef40cd24c983.md
https://atlas.mitre.org/techniques/AML.T0054/,8e9cb84012d71374d232360040fe96b3614098220c763fd06c11696bc520715b,8e9cb84012d71374d232360040fe96b3614098220c763fd06c11696bc520715b.md
https://atlas.mitre.org/techniques/AML.T0055/,30882487b81ec8cfd0cf6ac88e6525089c4a95c2ef2de994ae52df1147ef1d5f,30882487b81ec8cfd0cf6ac88e6525089c4a95c2ef2de994ae52df1147ef1d5f.md
https://atlas.mitre.org/techniques/AML.T0056/,faf6840182f7b4c76ba3366f0e5578c58788bc30c1948e6da8544f9342147baf,faf6840182f7b4c76ba3366f0e5578c58788bc30c1948e6da8544f9342147baf.md
https://atlas.mitre.org/techniques/AML.T0057/,5ec493b12b28d084c3814d3e2e8714e5d66d45d691aac594e8a183c88b04a4c5,5ec493b12b28d084c3814d3e2e8714e5d66d45d691aac594e8a183c88b04a4c5.md
